dataset,ef,query_count,recall_mean,recall_p90,recall_p50,recall_p10,recall_p05,frac_below_0.9,latency_mean_ms,latency_p50_ms,latency_p90_ms
reddit,10,2000,0.6681,1.0,0.7,0.2,0.1,0.678,0.5205609530676156,0.41912501910701394,0.582283112453297
reddit,20,2000,0.7854000000000001,1.0,0.9,0.5,0.3,0.491,0.5169192963803653,0.49825001042336226,0.6034125224687159
reddit,40,2000,0.8713000000000001,1.0,0.9,0.6,0.5,0.3105,0.68701101426268,0.6525209755636752,0.8261702081654221
reddit,60,2000,0.90735,1.0,1.0,0.7,0.6,0.229,1.0073479228594806,0.8415000047534704,1.128370634978637
reddit,80,2000,0.92775,1.0,1.0,0.8,0.7,0.1795,1.0460551276628394,1.0191875044256449,1.311408297624439
reddit,100,2000,0.9408,1.0,1.0,0.8,0.7,0.1465,1.4247519619239029,1.244313025381416,1.7460752918850635
reddit,150,2000,0.9579000000000001,1.0,1.0,0.8,0.8,0.103,1.8922520043561235,1.716333004878834,2.295974991284311
reddit,200,2000,0.9671500000000001,1.0,1.0,0.9,0.8,0.0785,2.3312657273490913,2.168979000998661,2.9429208720102906
reddit,300,2000,0.9789,1.0,1.0,0.9,0.9,0.044,3.1282723194162827,2.993499976582825,3.8948377943597734
reddit,400,2000,0.9839000000000001,1.0,1.0,0.9,0.9,0.031,3.9154902824375313,3.6756874760612845,4.926258127670735
stackexchange,10,2000,0.80225,1.0,0.9,0.5,0.3,0.436,0.48500656985561363,0.40697952499613166,0.5527211411390456
stackexchange,20,2000,0.8869000000000001,1.0,1.0,0.6,0.5,0.262,0.5192846609570552,0.5046665028203279,0.5916413734667004
stackexchange,40,2000,0.9405,1.0,1.0,0.8,0.7,0.132,0.7612165992613882,0.6677289784420282,0.8898669912014158
stackexchange,60,2000,0.9628000000000001,1.0,1.0,0.9,0.8,0.0815,0.8684378726466093,0.8409374859184027,1.0610871890094131
stackexchange,80,2000,0.9729000000000001,1.0,1.0,0.9,0.8,0.0565,1.1476599781017285,1.0455829906277359,1.345970848342404
stackexchange,100,2000,0.9781500000000001,1.0,1.0,0.9,0.9,0.0425,1.271289845026331,1.231853530043736,1.5826871793251487
stackexchange,150,2000,0.9864,1.0,1.0,0.9,0.9,0.0245,1.871705120196566,1.7385624814778566,2.331137197325007
stackexchange,200,2000,0.9903500000000001,1.0,1.0,1.0,0.9,0.0155,2.2868652231409214,2.2008535161148757,2.80330001260154
stackexchange,300,2000,0.9939,1.0,1.0,1.0,0.9,0.0085,3.4285812438465655,3.008146013598889,4.0173961664550015
stackexchange,400,2000,0.99575,1.0,1.0,1.0,1.0,0.0055,3.901905437174719,3.6867494927719235,4.8788875341415405
